[{
  "_id": {
    "$oid": "62b1e3636830f03c26b3ac5e"
  },
  "Book_Name": "All Rights reserved for you ",
  "Isbn": "12345-484-888855",
  "rating": "5/5",
  "__v": 0
},{
  "_id": {
    "$oid": "62b1e8751cea9b5fc7853b0f"
  },
  "Book_Name": "that's the way we met ",
  "Isbn": "13542-555-99984",
  "rating": "4/5",
  "__v": 0
},{
  "_id": {
    "$oid": "62b1e8b31cea9b5fc7853b12"
  },
  "Book_Name": "Sorry you are not my type ",
  "Isbn": "13235-454-77784",
  "rating": "5/5",
  "__v": 0
},{
  "_id": {
    "$oid": "62b1e8db1cea9b5fc7853b15"
  },
  "Book_Name": "Few Things Left Unsaid ",
  "Isbn": "14535-121-45658",
  "rating": "5/5",
  "__v": 0
},{
  "_id": {
    "$oid": "62b1e9561cea9b5fc7853b1b"
  },
  "Book_Name": "She Swiped Right Into my heart ",
  "Isbn": "14535-121-45658",
  "rating": "4/5",
  "__v": 0
}]