{
	"info": {
		"_postman_id": "8df77ae7-4e62-4e3a-8156-d118812fdfc7",
		"name": "BookManagement",
		"schema": "https://schema.getpostman.com/json/collection/v2.1.0/collection.json",
		"_exporter_id": "20808507"
	},
	"item": [
		{
			"name": "UserLogin",
			"request": {
				"method": "POST",
				"header": [],
				"url": {
					"raw": "http://localhost:8080/api/auth/signin",
					"protocol": "http",
					"host": [
						"localhost"
					],
					"port": "8080",
					"path": [
						"api",
						"auth",
						"signin"
					]
				}
			},
			"response": []
		},
		{
			"name": "UserSignup",
			"request": {
				"method": "POST",
				"header": [],
				"url": {
					"raw": "http://localhost:8080/api/auth/signup",
					"protocol": "http",
					"host": [
						"localhost"
					],
					"port": "8080",
					"path": [
						"api",
						"auth",
						"signup"
					]
				}
			},
			"response": []
		},
		{
			"name": "UserSignOut",
			"request": {
				"method": "POST",
				"header": [],
				"url": {
					"raw": ""
				}
			},
			"response": []
		},
		{
			"name": "showBooks",
			"request": {
				"method": "GET",
				"header": [],
				"url": {
					"raw": ""
				}
			},
			"response": []
		},
		{
			"name": "addReadLater",
			"request": {
				"method": "POST",
				"header": [],
				"body": {
					"mode": "raw",
					"raw": "{\r\n    \"book\": \"Naruto\"\r\n}",
					"options": {
						"raw": {
							"language": "json"
						}
					}
				},
				"url": {
					"raw": "http://localhost:8000/api/auth/addReadLater",
					"protocol": "http",
					"host": [
						"localhost"
					],
					"port": "8000",
					"path": [
						"api",
						"auth",
						"addReadLater"
					]
				}
			},
			"response": []
		},
		{
			"name": "addLikedBooks",
			"request": {
				"method": "POST",
				"header": [],
				"body": {
					"mode": "raw",
					"raw": "{\r\n    \"book\": \"Naruto\"\r\n}",
					"options": {
						"raw": {
							"language": "json"
						}
					}
				},
				"url": {
					"raw": "http://localhost:8000/api/auth/addLiked",
					"protocol": "http",
					"host": [
						"localhost"
					],
					"port": "8000",
					"path": [
						"api",
						"auth",
						"addLiked"
					]
				}
			},
			"response": []
		},
		{
			"name": "showLikedBook",
			"request": {
				"method": "GET",
				"header": [],
				"url": {
					"raw": ""
				}
			},
			"response": []
		},
		{
			"name": "showReadLaterBooks",
			"request": {
				"method": "GET",
				"header": [],
				"url": {
					"raw": ""
				}
			},
			"response": []
		},
		{
			"name": "AdminSignUp",
			"request": {
				"method": "POST",
				"header": [],
				"url": {
					"raw": "http://localhost:8000/bookapi/admin/signup",
					"protocol": "http",
					"host": [
						"localhost"
					],
					"port": "8000",
					"path": [
						"bookapi",
						"admin",
						"signup"
					]
				}
			},
			"response": []
		},
		{
			"name": "AdminSignIn",
			"request": {
				"method": "POST",
				"header": [],
				"url": {
					"raw": "http://localhost:8000/bookapi/admin/sigin",
					"protocol": "http",
					"host": [
						"localhost"
					],
					"port": "8000",
					"path": [
						"bookapi",
						"admin",
						"sigin"
					]
				}
			},
			"response": []
		},
		{
			"name": "AdminSignOut",
			"request": {
				"method": "POST",
				"header": [],
				"url": {
					"raw": "http://localhost:8000/bookapi/admin/signout",
					"protocol": "http",
					"host": [
						"localhost"
					],
					"port": "8000",
					"path": [
						"bookapi",
						"admin",
						"signout"
					]
				}
			},
			"response": []
		},
		{
			"name": "AddBook",
			"request": {
				"method": "POST",
				"header": [],
				"url": {
					"raw": ""
				}
			},
			"response": []
		},
		{
			"name": "UpdateBook",
			"request": {
				"method": "PUT",
				"header": [],
				"body": {
					"mode": "raw",
					"raw": "{\r\n    \"Book_Name\":\"Rich dad poor dad 1\"\r\n}",
					"options": {
						"raw": {
							"language": "json"
						}
					}
				},
				"url": {
					"raw": "http://localhost:8000/bookapi/admin/updatebook/62b026ac5c3fe652d19b51d3",
					"protocol": "http",
					"host": [
						"localhost"
					],
					"port": "8000",
					"path": [
						"bookapi",
						"admin",
						"updatebook",
						"62b026ac5c3fe652d19b51d3"
					]
				}
			},
			"response": []
		},
		{
			"name": "DeleteBook",
			"request": {
				"method": "DELETE",
				"header": [],
				"url": {
					"raw": ""
				}
			},
			"response": []
		},
		{
			"name": "ShowUsers",
			"request": {
				"method": "GET",
				"header": [],
				"url": {
					"raw": ""
				}
			},
			"response": []
		},
		{
			"name": "UpdateUser",
			"request": {
				"method": "PUT",
				"header": [],
				"body": {
					"mode": "raw",
					"raw": "{\r\n    \"address\": \"kandivali,mumbai\"\r\n}",
					"options": {
						"raw": {
							"language": "json"
						}
					}
				},
				"url": {
					"raw": "http://localhost:8000/bookapi/admin/updateUser/62b06304e23a45b3bf6bb193",
					"protocol": "http",
					"host": [
						"localhost"
					],
					"port": "8000",
					"path": [
						"bookapi",
						"admin",
						"updateUser",
						"62b06304e23a45b3bf6bb193"
					]
				}
			},
			"response": []
		},
		{
			"name": "DeleteUser",
			"request": {
				"method": "DELETE",
				"header": [],
				"url": {
					"raw": ""
				}
			},
			"response": []
		}
	]
}