[{
  "_id": {
    "$oid": "62b1e6d34dab8352a4f6fd28"
  },
  "userId": "62b1dc977a96e428e4c4d1b6",
  "bookData": [
    {
      "data": {
        "_id": {
          "$oid": "62b1e3636830f03c26b3ac5e"
        },
        "Book_Name": "naruto ",
        "Isbn": "12345-484-888855",
        "rating": "5/5",
        "__v": 0
      }
    }
  ],
  "__v": 0
},{
  "_id": {
    "$oid": "62b1ed268f76fd3db440e6a3"
  },
  "userId": "62b1e7d61cea9b5fc7853b03",
  "bookData": [
    {
      "data": {
        "_id": {
          "$oid": "62b1e3636830f03c26b3ac5e"
        },
        "Book_Name": "All Rights reserved for you ",
        "Isbn": "12345-484-888855",
        "rating": "5/5",
        "__v": 0
      }
    }
  ],
  "__v": 0
}]