[{
  "_id": {
    "$oid": "62b1e076c54edd58f2fd26f1"
  },
  "full_name": "akankshagautam",
  "email": "akku@gmail.com",
  "address": "hyd",
  "password": "$2a$08$fzP1bDHcYEs4kAv4UbiI5emrFYZHaiEpXEupYMEthXIILiv.jxVDy",
  "__v": 0
},{
  "_id": {
    "$oid": "62b1e7d61cea9b5fc7853b03"
  },
  "full_name": "dasarijayashree",
  "email": "jaya@gmail.com",
  "address": "lko",
  "password": "$2a$08$5l9heUhIIBH1dn4uqmIuHOo.4h.s208P2a2IQrAfoGzB5L8.ePAWq",
  "__v": 0
},{
  "_id": {
    "$oid": "62b1e7f01cea9b5fc7853b06"
  },
  "full_name": "antarpreet",
  "email": "antar@gmail.com",
  "address": "ludhiana",
  "password": "$2a$08$DwG0AtjuP7UurX.mh8rr8eAhB9XAWVwzt5npIkpYMsmaJHT30jEji",
  "__v": 0
},{
  "_id": {
    "$oid": "62b1e8091cea9b5fc7853b09"
  },
  "full_name": "ujjawal",
  "email": "ujjawal@gmail.com",
  "address": "dehradun",
  "password": "$2a$08$3Qf/K7Aptj6hVfrnGD4s8.0pusa0dSeb4lVdJcAsVP4ge3fCtH/zi",
  "__v": 0
}]